PRAGMA foreign_keys=OFF;
BEGIN TRANSACTION;
CREATE TABLE `_migrations` (file VARCHAR(255) PRIMARY KEY NOT NULL, applied INTEGER NOT NULL);
INSERT INTO _migrations VALUES('1640988000_init.go',1728553283479327);
INSERT INTO _migrations VALUES('1673167670_multi_match_migrate.go',1728553283480520);
INSERT INTO _migrations VALUES('1677152688_rename_authentik_to_oidc.go',1728553283480914);
INSERT INTO _migrations VALUES('1679943780_normalize_single_multiple_values.go',1728553283481542);
INSERT INTO _migrations VALUES('1679943781_add_indexes_column.go',1728553283482411);
INSERT INTO _migrations VALUES('1685164450_check_fk.go',1728553283482758);
INSERT INTO _migrations VALUES('1689579878_renormalize_single_multiple_values.go',1728553283483323);
INSERT INTO _migrations VALUES('1690319366_reset_null_values.go',1728553283483884);
INSERT INTO _migrations VALUES('1690454337_transform_relations_to_views.go',1728553283484218);
INSERT INTO _migrations VALUES('1691747913_resave_views.go',1728553283484624);
INSERT INTO _migrations VALUES('1692609521_copy_display_fields.go',1728553283484926);
INSERT INTO _migrations VALUES('1699198734_pockethost_defaults.js',1728553283490153);
INSERT INTO _migrations VALUES('1701496825_allow_single_oauth2_provider_in_multiple_auth_collections.go',1728553283490354);
INSERT INTO _migrations VALUES('1702134272_set_default_json_max_size.go',1728553283490775);
INSERT INTO _migrations VALUES('1718706525_add_login_alert_column.go',1728553283492070);
INSERT INTO _migrations VALUES('1728553504_created_tweet.js',1728553504190981);
INSERT INTO _migrations VALUES('1728553644_updated_tweet.js',1728553644568582);
INSERT INTO _migrations VALUES('1728568725_updated_tweet.js',1728568725561820);
INSERT INTO _migrations VALUES('1728599615_created_posts.js',1728599615113156);
INSERT INTO _migrations VALUES('1728600732_updated_posts.js',1728600732439245);
INSERT INTO _migrations VALUES('1728602302_updated_posts.js',1728602302707790);
INSERT INTO _migrations VALUES('1728634866_updated_tweet.js',1728634866701566);
INSERT INTO _migrations VALUES('1728644235_updated_tweet.js',1728644235810400);
INSERT INTO _migrations VALUES('1728644251_updated_tweet.js',1728644251858898);
INSERT INTO _migrations VALUES('1728778236_created_program_keahlian.js',1728778236994648);
INSERT INTO _migrations VALUES('1728778625_created_teacher_users.js',1728778625924346);
INSERT INTO _migrations VALUES('1728778659_updated_teacher_users.js',1728778659784346);
INSERT INTO _migrations VALUES('1728778768_updated_teacher_users.js',1728778768997606);
INSERT INTO _migrations VALUES('1728779041_updated_program_keahlian.js',1728779041158554);
INSERT INTO _migrations VALUES('1728780006_updated_users.js',1728780006666141);
INSERT INTO _migrations VALUES('1728780039_updated_users.js',1728780039010537);
INSERT INTO _migrations VALUES('1728780867_updated_users.js',1728780867833552);
INSERT INTO _migrations VALUES('1728781222_created_siswa.js',1728781222159697);
INSERT INTO _migrations VALUES('1728781738_updated_users_siswa.js',1728781738493023);
INSERT INTO _migrations VALUES('1728782149_created_dudi_pplg.js',1728782149497541);
INSERT INTO _migrations VALUES('1728782358_created_pembimbing.js',1728782358964582);
INSERT INTO _migrations VALUES('1728782388_deleted_posts.js',1728782388563750);
INSERT INTO _migrations VALUES('1728782473_updated_dudi_pplg.js',1728782473211123);
INSERT INTO _migrations VALUES('1728782578_created_pemetaan_pkl_pplg.js',1728782578632266);
INSERT INTO _migrations VALUES('1728782638_created_dudi_tjkt.js',1728782638719666);
INSERT INTO _migrations VALUES('1728782672_created_dudi_tsm.js',1728782672729775);
INSERT INTO _migrations VALUES('1728782696_created_dudi_dkv.js',1728782696512450);
INSERT INTO _migrations VALUES('1728782761_created_dudi_toi.js',1728782761337635);
INSERT INTO _migrations VALUES('1728782793_created_pemetaan_pkl_tjkt.js',1728782793794576);
INSERT INTO _migrations VALUES('1728782827_updated_pemetaan_pkl_pplg.js',1728782827079334);
INSERT INTO _migrations VALUES('1728782836_updated_pemetaan_pkl_tjkt.js',1728782836128784);
INSERT INTO _migrations VALUES('1728782858_updated_dudi_tjkt.js',1728782858461083);
INSERT INTO _migrations VALUES('1728782867_updated_dudi_pplg.js',1728782867142389);
INSERT INTO _migrations VALUES('1728782876_updated_dudi_toi.js',1728782876499796);
INSERT INTO _migrations VALUES('1728782886_updated_dudi_tsm.js',1728782886471366);
INSERT INTO _migrations VALUES('1728782961_created_pemetaan_pkl_tsm.js',1728782961351859);
INSERT INTO _migrations VALUES('1728782982_created_pemetaan_pkl_dkv.js',1728782982845302);
INSERT INTO _migrations VALUES('1728782994_created_pemetaan_pkl_toi.js',1728782994938115);
INSERT INTO _migrations VALUES('1728783140_created_dudi.js',1728783140185032);
INSERT INTO _migrations VALUES('1728783259_created_pemetaan_pkl.js',1728783259768650);
INSERT INTO _migrations VALUES('1728783286_deleted_pemetaan_pkl_dkv.js',1728783286914580);
INSERT INTO _migrations VALUES('1728783293_deleted_pemetaan_pkl_pplg.js',1728783293705071);
INSERT INTO _migrations VALUES('1728783300_deleted_pemetaan_pkl_tjkt.js',1728783300183477);
INSERT INTO _migrations VALUES('1728783322_deleted_pemetaan_pkl_toi.js',1728783322351892);
INSERT INTO _migrations VALUES('1728783327_deleted_pemetaan_pkl_tsm.js',1728783327786818);
INSERT INTO _migrations VALUES('1728783334_deleted_dudi_tsm.js',1728783334758826);
INSERT INTO _migrations VALUES('1728783341_deleted_dudi_toi.js',1728783341183439);
INSERT INTO _migrations VALUES('1728783351_deleted_dudi_tjkt.js',1728783351779532);
INSERT INTO _migrations VALUES('1728783362_deleted_dudi_pplg.js',1728783362466913);
INSERT INTO _migrations VALUES('1728783376_deleted_dudi_dkv.js',1728783376355409);
INSERT INTO _migrations VALUES('1731222516_updated_teacher_users.js',1731222516467589);
INSERT INTO _migrations VALUES('1754050116_updated_dudi.js',1754050116715009);
INSERT INTO _migrations VALUES('1754050178_updated_dudi.js',1754050178429922);
CREATE TABLE `_admins` (
				`id`              TEXT PRIMARY KEY NOT NULL,
				`avatar`          INTEGER DEFAULT 0 NOT NULL,
				`email`           TEXT UNIQUE NOT NULL,
				`tokenKey`        TEXT UNIQUE NOT NULL,
				`passwordHash`    TEXT NOT NULL,
				`lastResetSentAt` TEXT DEFAULT "" NOT NULL,
				`created`         TEXT DEFAULT (strftime('%Y-%m-%d %H:%M:%fZ')) NOT NULL,
				`updated`         TEXT DEFAULT (strftime('%Y-%m-%d %H:%M:%fZ')) NOT NULL
			);
INSERT INTO _admins VALUES('hs7k3p7llkqx1sl',0,'netspytux@gmail.com','MuQxQq4Ns85jTI4Q5nMuZlEdVMjjxgQEB68TcKN13Na8qehMeU','$2a$12$4sr/dGDO0AR0S4yGcHScauENXD1nMFmkpY4FhZbVZFzmoP3OFQsD.','','2024-10-10 09:41:23.517Z','2024-10-10 09:41:23.517Z');
INSERT INTO _admins VALUES('cece0lwf11frc2a',3,'zulx@smkn4-tsm.sch.id','xCve7ClM03r8FTWAQOyyPPGleGp88WKUo9RcsiYHpgEfSpb1Lr','$2a$12$PsB6VTOfFEFbXgJzH8IpzOJYTu4kQbeOvlWD7BLLDbZxTSukki2Ha','','2024-11-10 06:03:11.689Z','2024-11-10 06:03:11.689Z');
CREATE TABLE `_collections` (
				`id`         TEXT PRIMARY KEY NOT NULL,
				`system`     BOOLEAN DEFAULT FALSE NOT NULL,
				`type`       TEXT DEFAULT "base" NOT NULL,
				`name`       TEXT UNIQUE NOT NULL,
				`schema`     JSON DEFAULT "[]" NOT NULL,
				`indexes`    JSON DEFAULT "[]" NOT NULL,
				`listRule`   TEXT DEFAULT NULL,
				`viewRule`   TEXT DEFAULT NULL,
				`createRule` TEXT DEFAULT NULL,
				`updateRule` TEXT DEFAULT NULL,
				`deleteRule` TEXT DEFAULT NULL,
				`options`    JSON DEFAULT "{}" NOT NULL,
				`created`    TEXT DEFAULT (strftime('%Y-%m-%d %H:%M:%fZ')) NOT NULL,
				`updated`    TEXT DEFAULT (strftime('%Y-%m-%d %H:%M:%fZ')) NOT NULL
			);
INSERT INTO _collections VALUES('_pb_users_auth_',0,'auth','users_siswa','[{"system":false,"id":"wmy5clw7","name":"program_keahlian","type":"relation","required":false,"presentable":false,"unique":false,"options":{"collectionId":"w2z820jytrbxugw","cascadeDelete":false,"minSelect":null,"maxSelect":1,"displayFields":null}},{"system":false,"id":"1gmd1jkg","name":"siswa_id","type":"relation","required":false,"presentable":false,"unique":false,"options":{"collectionId":"x7r3nzzkgabfesz","cascadeDelete":false,"minSelect":null,"maxSelect":1,"displayFields":null}},{"system":false,"id":"cwxmdh2f","name":"role","type":"text","required":false,"presentable":false,"unique":false,"options":{"min":null,"max":null,"pattern":""}}]','[]','@request.auth.role = ''admin'' || @request.auth.role = ''guru'' || @request.auth.role = ''siswa''','@request.auth.role = ''admin'' || @request.auth.role = ''guru'' || @request.auth.role = ''siswa''','','id = @request.auth.id || @request.auth.role = ''guru'' || @request.auth.role = ''admin''','@request.auth.role = ''guru'' && @request.auth.role = ''admin''','{"allowEmailAuth":true,"allowOAuth2Auth":false,"allowUsernameAuth":false,"exceptEmailDomains":null,"manageRule":null,"minPasswordLength":8,"onlyEmailDomains":["smkn4-tsm.sch.id"],"onlyVerified":false,"requireEmail":false}','2024-10-10 09:41:23.478Z','2024-10-13 01:08:58.446Z');
INSERT INTO _collections VALUES('at7mugzkhd7d3mr',0,'base','tweet','[{"system":false,"id":"jcovngds","name":"text","type":"text","required":false,"presentable":false,"unique":false,"options":{"min":null,"max":null,"pattern":""}},{"system":false,"id":"kryhrnyv","name":"foto","type":"file","required":false,"presentable":false,"unique":false,"options":{"mimeTypes":["image/jpeg","image/png"],"thumbs":["480x720"],"maxSelect":99,"maxSize":10000,"protected":false}}]','[]','','','',NULL,NULL,'{}','2024-10-10 09:45:04.186Z','2024-10-11 10:57:31.857Z');
INSERT INTO _collections VALUES('w2z820jytrbxugw',0,'base','program_keahlian','[{"system":false,"id":"yrdbi2jv","name":"nama","type":"text","required":false,"presentable":false,"unique":false,"options":{"min":null,"max":null,"pattern":""}},{"system":false,"id":"9fgfg7ep","name":"alias","type":"text","required":false,"presentable":false,"unique":false,"options":{"min":null,"max":null,"pattern":""}}]','[]','','',NULL,NULL,NULL,'{}','2024-10-13 00:10:36.987Z','2024-10-13 00:24:01.157Z');
INSERT INTO _collections VALUES('1d4fljtg4b3ycm6',0,'auth','teacher_users','[{"system":false,"id":"epmhoa4u","name":"nama","type":"text","required":false,"presentable":false,"unique":false,"options":{"min":null,"max":null,"pattern":""}},{"system":false,"id":"f4nnhqpf","name":"role","type":"select","required":false,"presentable":false,"unique":false,"options":{"maxSelect":1,"values":["admin","guru","tu"]}},{"system":false,"id":"f2q4fvug","name":"program_keahlian","type":"relation","required":false,"presentable":false,"unique":false,"options":{"collectionId":"w2z820jytrbxugw","cascadeDelete":false,"minSelect":null,"maxSelect":1,"displayFields":null}}]','[]','','',NULL,NULL,NULL,'{"allowEmailAuth":true,"allowOAuth2Auth":false,"allowUsernameAuth":true,"exceptEmailDomains":null,"manageRule":null,"minPasswordLength":8,"onlyEmailDomains":["smkn4-tsm.sch.id"],"onlyVerified":false,"requireEmail":false}','2024-10-13 00:17:05.920Z','2024-11-10 07:08:36.465Z');
INSERT INTO _collections VALUES('x7r3nzzkgabfesz',0,'base','siswa','[{"system":false,"id":"gs6f3the","name":"nis","type":"text","required":false,"presentable":false,"unique":false,"options":{"min":null,"max":null,"pattern":""}},{"system":false,"id":"f7ssm6a4","name":"nama","type":"text","required":false,"presentable":false,"unique":false,"options":{"min":null,"max":null,"pattern":""}},{"system":false,"id":"1zzfsic0","name":"jk","type":"select","required":false,"presentable":false,"unique":false,"options":{"maxSelect":1,"values":["L","P"]}},{"system":false,"id":"lhp1sb0a","name":"kelas","type":"text","required":false,"presentable":false,"unique":false,"options":{"min":null,"max":null,"pattern":""}},{"system":false,"id":"pkbn4wku","name":"program_keahlian","type":"relation","required":false,"presentable":false,"unique":false,"options":{"collectionId":"w2z820jytrbxugw","cascadeDelete":false,"minSelect":null,"maxSelect":1,"displayFields":null}},{"system":false,"id":"qdvmb0ma","name":"status_pemetaan_pkl","type":"bool","required":false,"presentable":false,"unique":false,"options":{}},{"system":false,"id":"3g3ukrw1","name":"status_acc_pkl","type":"bool","required":false,"presentable":false,"unique":false,"options":{}},{"system":false,"id":"v0hqactz","name":"status_rapot","type":"bool","required":false,"presentable":false,"unique":false,"options":{}},{"system":false,"id":"mive77os","name":"catatan","type":"text","required":false,"presentable":false,"unique":false,"options":{"min":null,"max":null,"pattern":""}}]','[]','','','@request.auth.role = ''admin'' || @request.auth.role = ''guru''','@request.auth.role = ''admin'' || @request.auth.role = ''guru''','@request.auth.role = ''admin'' || @request.auth.role = ''guru''','{}','2024-10-13 01:00:22.156Z','2024-10-13 01:00:22.156Z');
INSERT INTO _collections VALUES('p3mkjk78uv3foib',0,'base','pembimbing','[{"system":false,"id":"ki7bnonv","name":"nip","type":"text","required":false,"presentable":false,"unique":false,"options":{"min":null,"max":null,"pattern":""}},{"system":false,"id":"zkvckin6","name":"nama","type":"text","required":false,"presentable":false,"unique":false,"options":{"min":null,"max":null,"pattern":""}},{"system":false,"id":"okedqji0","name":"program_keahlian","type":"relation","required":false,"presentable":false,"unique":false,"options":{"collectionId":"w2z820jytrbxugw","cascadeDelete":false,"minSelect":null,"maxSelect":1,"displayFields":null}}]','[]','@request.auth.role = ''admin'' || @request.auth.role = ''guru''','@request.auth.role = ''admin'' || @request.auth.role = ''guru''','@request.auth.role = ''admin'' || @request.auth.role = ''guru''','@request.auth.role = ''admin'' || @request.auth.role = ''guru''','@request.auth.role = ''admin'' || @request.auth.role = ''guru''','{}','2024-10-13 01:19:18.961Z','2024-10-13 01:19:18.961Z');
INSERT INTO _collections VALUES('44myub55g4kvbva',0,'base','dudi','[{"system":false,"id":"2zjgtb8l","name":"nama","type":"text","required":false,"presentable":true,"unique":false,"options":{"min":null,"max":null,"pattern":""}},{"system":false,"id":"lb9divfl","name":"alamat","type":"text","required":false,"presentable":false,"unique":false,"options":{"min":null,"max":null,"pattern":""}},{"system":false,"id":"jyzysokw","name":"pimpinan","type":"text","required":false,"presentable":false,"unique":false,"options":{"min":null,"max":null,"pattern":""}},{"system":false,"id":"1d9djhvp","name":"kontak","type":"text","required":false,"presentable":false,"unique":false,"options":{"min":null,"max":null,"pattern":""}},{"system":false,"id":"dw8cxenm","name":"email","type":"text","required":false,"presentable":false,"unique":false,"options":{"min":null,"max":null,"pattern":""}},{"system":false,"id":"6mgwat23","name":"jumlah_kuota","type":"number","required":false,"presentable":false,"unique":false,"options":{"min":null,"max":null,"noDecimal":false}},{"system":false,"id":"fyrj0ice","name":"program_keahlian","type":"relation","required":false,"presentable":false,"unique":false,"options":{"collectionId":"w2z820jytrbxugw","cascadeDelete":false,"minSelect":null,"maxSelect":1,"displayFields":null}},{"system":false,"id":"2aewc74k","name":"pembimbing","type":"relation","required":false,"presentable":false,"unique":false,"options":{"collectionId":"p3mkjk78uv3foib","cascadeDelete":false,"minSelect":null,"maxSelect":1,"displayFields":null}},{"system":false,"id":"czlaqx34","name":"pembimbing_dudi","type":"text","required":false,"presentable":false,"unique":false,"options":{"min":null,"max":null,"pattern":""}}]','[]','','','@request.auth.role = ''admin'' || @request.auth.program_keahlian.nama = ''TSM''','@request.auth.role = ''admin'' || @request.auth.program_keahlian.nama = ''TSM''','@request.auth.role = ''admin'' || @request.auth.program_keahlian.nama = ''TSM''','{}','2024-10-13 01:32:20.177Z','2025-08-01 12:09:38.420Z');
INSERT INTO _collections VALUES('a4vhqmka6xzhiq3',0,'base','pemetaan_pkl','[{"system":false,"id":"vtvbwqhe","name":"dudi","type":"relation","required":false,"presentable":false,"unique":false,"options":{"collectionId":"44myub55g4kvbva","cascadeDelete":false,"minSelect":null,"maxSelect":1,"displayFields":null}},{"system":false,"id":"8eirehuj","name":"siswa","type":"relation","required":false,"presentable":false,"unique":false,"options":{"collectionId":"x7r3nzzkgabfesz","cascadeDelete":false,"minSelect":null,"maxSelect":null,"displayFields":null}},{"system":false,"id":"8uiz8mn7","name":"program_keahlian","type":"relation","required":false,"presentable":false,"unique":false,"options":{"collectionId":"w2z820jytrbxugw","cascadeDelete":false,"minSelect":null,"maxSelect":1,"displayFields":null}}]','[]','','','@request.auth.role = ''admin'' || @request.auth.role = ''guru''','@request.auth.role = ''admin'' || @request.auth.role = ''guru''','@request.auth.role = ''admin'' || @request.auth.role = ''guru''','{}','2024-10-13 01:34:19.764Z','2024-10-13 01:34:19.764Z');
CREATE TABLE `_params` (
				`id`      TEXT PRIMARY KEY NOT NULL,
				`key`     TEXT UNIQUE NOT NULL,
				`value`   JSON DEFAULT NULL,
				`created` TEXT DEFAULT "" NOT NULL,
				`updated` TEXT DEFAULT "" NOT NULL
			);
INSERT INTO _params VALUES('iif4lha7nkql133','settings','{"meta":{"appName":"ePKL","appUrl":"http://localhost:8090","hideControls":false,"senderName":"epkl","senderAddress":"epkl@app.pockethost.io","verificationTemplate":{"body":"\u003cp\u003eHello,\u003c/p\u003e\n\u003cp\u003eThank you for joining us at {APP_NAME}.\u003c/p\u003e\n\u003cp\u003eClick on the button below to verify your email address.\u003c/p\u003e\n\u003cp\u003e\n  \u003ca class=\"btn\" href=\"{ACTION_URL}\" target=\"_blank\" rel=\"noopener\"\u003eVerify\u003c/a\u003e\n\u003c/p\u003e\n\u003cp\u003e\n  Thanks,\u003cbr/\u003e\n  {APP_NAME} team\n\u003c/p\u003e","subject":"Verify your {APP_NAME} email","actionUrl":"{APP_URL}/_/#/auth/confirm-verification/{TOKEN}","hidden":false},"resetPasswordTemplate":{"body":"\u003cp\u003eHello,\u003c/p\u003e\n\u003cp\u003eClick on the button below to reset your password.\u003c/p\u003e\n\u003cp\u003e\n  \u003ca class=\"btn\" href=\"{ACTION_URL}\" target=\"_blank\" rel=\"noopener\"\u003eReset password\u003c/a\u003e\n\u003c/p\u003e\n\u003cp\u003e\u003ci\u003eIf you didn''t ask to reset your password, you can ignore this email.\u003c/i\u003e\u003c/p\u003e\n\u003cp\u003e\n  Thanks,\u003cbr/\u003e\n  {APP_NAME} team\n\u003c/p\u003e","subject":"Reset your {APP_NAME} password","actionUrl":"{APP_URL}/_/#/auth/confirm-password-reset/{TOKEN}","hidden":false},"confirmEmailChangeTemplate":{"body":"\u003cp\u003eHello,\u003c/p\u003e\n\u003cp\u003eClick on the button below to confirm your new email address.\u003c/p\u003e\n\u003cp\u003e\n  \u003ca class=\"btn\" href=\"{ACTION_URL}\" target=\"_blank\" rel=\"noopener\"\u003eConfirm new email\u003c/a\u003e\n\u003c/p\u003e\n\u003cp\u003e\u003ci\u003eIf you didn''t ask to change your email address, you can ignore this email.\u003c/i\u003e\u003c/p\u003e\n\u003cp\u003e\n  Thanks,\u003cbr/\u003e\n  {APP_NAME} team\n\u003c/p\u003e","subject":"Confirm your {APP_NAME} new email address","actionUrl":"{APP_URL}/_/#/auth/confirm-email-change/{TOKEN}","hidden":false}},"logs":{"maxDays":5,"minLevel":0,"logIp":true},"smtp":{"enabled":false,"host":"smtp.example.com","port":587,"username":"","password":"","authMethod":"PLAIN","tls":false,"localName":""},"s3":{"enabled":false,"bucket":"","region":"","endpoint":"","accessKey":"","secret":"","forcePathStyle":false},"backups":{"cron":"","cronMaxKeep":3,"s3":{"enabled":false,"bucket":"","region":"","endpoint":"","accessKey":"","secret":"","forcePathStyle":false}},"adminAuthToken":{"secret":"a6yWIE3ouLnN1TSQIXHRK9kV3SK4fqDbOLWac6L0z3xkKYpV91","duration":1209600},"adminPasswordResetToken":{"secret":"8DeRZ0PeQLN2SSOUA82z7724iilwIzByNN1o2lCIVmFicMmqJw","duration":1800},"adminFileToken":{"secret":"1gI1CK5532ZY6IQGac8O2NrPc7OZ3ZZooJUpRdP32ny0hywtnt","duration":120},"recordAuthToken":{"secret":"yxqCMRnjebj70NoL6HGClWTj3JWRaeY0A6QtwueOZRca1qJnFj","duration":1209600},"recordPasswordResetToken":{"secret":"SdN5DCH2dVjZFsNFYuKFSBF5skFqfr0tdcc5Ghzyocif9YykZu","duration":1800},"recordEmailChangeToken":{"secret":"WJj0ZSEIVn6oblj6mJ7oMDPNqHSeRvybgwko4aawzaCt8xsyPI","duration":1800},"recordVerificationToken":{"secret":"Ul6FODjGWjULVVlJwyd0TNuzMF17t0cJqVO9S6D1FTP0SctQMH","duration":604800},"recordFileToken":{"secret":"2lOFXSBozkOimzqJsaR1udrrm2zjygC8LgrWsUJOgUG8teN4dy","duration":120},"emailAuth":{"enabled":false,"exceptDomains":null,"onlyDomains":null,"minPasswordLength":0},"googleAuth":{"enabled":false,"clientId":"","clientSecret":"","authUrl":"","tokenUrl":"","userApiUrl":"","displayName":"","pkce":null},"facebookAuth":{"enabled":false,"clientId":"","clientSecret":"","authUrl":"","tokenUrl":"","userApiUrl":"","displayName":"","pkce":null},"githubAuth":{"enabled":false,"clientId":"","clientSecret":"","authUrl":"","tokenUrl":"","userApiUrl":"","displayName":"","pkce":null},"gitlabAuth":{"enabled":false,"clientId":"","clientSecret":"","authUrl":"","tokenUrl":"","userApiUrl":"","displayName":"","pkce":null},"discordAuth":{"enabled":false,"clientId":"","clientSecret":"","authUrl":"","tokenUrl":"","userApiUrl":"","displayName":"","pkce":null},"twitterAuth":{"enabled":false,"clientId":"","clientSecret":"","authUrl":"","tokenUrl":"","userApiUrl":"","displayName":"","pkce":null},"microsoftAuth":{"enabled":false,"clientId":"","clientSecret":"","authUrl":"","tokenUrl":"","userApiUrl":"","displayName":"","pkce":null},"spotifyAuth":{"enabled":false,"clientId":"","clientSecret":"","authUrl":"","tokenUrl":"","userApiUrl":"","displayName":"","pkce":null},"kakaoAuth":{"enabled":false,"clientId":"","clientSecret":"","authUrl":"","tokenUrl":"","userApiUrl":"","displayName":"","pkce":null},"twitchAuth":{"enabled":false,"clientId":"","clientSecret":"","authUrl":"","tokenUrl":"","userApiUrl":"","displayName":"","pkce":null},"stravaAuth":{"enabled":false,"clientId":"","clientSecret":"","authUrl":"","tokenUrl":"","userApiUrl":"","displayName":"","pkce":null},"giteeAuth":{"enabled":false,"clientId":"","clientSecret":"","authUrl":"","tokenUrl":"","userApiUrl":"","displayName":"","pkce":null},"livechatAuth":{"enabled":false,"clientId":"","clientSecret":"","authUrl":"","tokenUrl":"","userApiUrl":"","displayName":"","pkce":null},"giteaAuth":{"enabled":false,"clientId":"","clientSecret":"","authUrl":"","tokenUrl":"","userApiUrl":"","displayName":"","pkce":null},"oidcAuth":{"enabled":false,"clientId":"","clientSecret":"","authUrl":"","tokenUrl":"","userApiUrl":"","displayName":"","pkce":null},"oidc2Auth":{"enabled":false,"clientId":"","clientSecret":"","authUrl":"","tokenUrl":"","userApiUrl":"","displayName":"","pkce":null},"oidc3Auth":{"enabled":false,"clientId":"","clientSecret":"","authUrl":"","tokenUrl":"","userApiUrl":"","displayName":"","pkce":null},"appleAuth":{"enabled":false,"clientId":"","clientSecret":"","authUrl":"","tokenUrl":"","userApiUrl":"","displayName":"","pkce":null},"instagramAuth":{"enabled":false,"clientId":"","clientSecret":"","authUrl":"","tokenUrl":"","userApiUrl":"","displayName":"","pkce":null},"vkAuth":{"enabled":false,"clientId":"","clientSecret":"","authUrl":"","tokenUrl":"","userApiUrl":"","displayName":"","pkce":null},"yandexAuth":{"enabled":false,"clientId":"","clientSecret":"","authUrl":"","tokenUrl":"","userApiUrl":"","displayName":"","pkce":null},"patreonAuth":{"enabled":false,"clientId":"","clientSecret":"","authUrl":"","tokenUrl":"","userApiUrl":"","displayName":"","pkce":null},"mailcowAuth":{"enabled":false,"clientId":"","clientSecret":"","authUrl":"","tokenUrl":"","userApiUrl":"","displayName":"","pkce":null},"bitbucketAuth":{"enabled":false,"clientId":"","clientSecret":"","authUrl":"","tokenUrl":"","userApiUrl":"","displayName":"","pkce":null},"planningcenterAuth":{"enabled":false,"clientId":"","clientSecret":"","authUrl":"","tokenUrl":"","userApiUrl":"","displayName":"","pkce":null}}','2024-10-10 09:41:23.477Z','2024-11-10 06:03:29.973Z');
CREATE TABLE `_externalAuths` (
				`id`           TEXT PRIMARY KEY NOT NULL,
				`collectionId` TEXT NOT NULL,
				`recordId`     TEXT NOT NULL,
				`provider`     TEXT NOT NULL,
				`providerId`   TEXT NOT NULL,
				`created`      TEXT DEFAULT (strftime('%Y-%m-%d %H:%M:%fZ')) NOT NULL,
				`updated`      TEXT DEFAULT (strftime('%Y-%m-%d %H:%M:%fZ')) NOT NULL,
				---
				FOREIGN KEY (`collectionId`) REFERENCES `_collections` (`id`) ON UPDATE CASCADE ON DELETE CASCADE
			);
CREATE TABLE IF NOT EXISTS "users_siswa" (`created` TEXT DEFAULT (strftime('%Y-%m-%d %H:%M:%fZ')) NOT NULL, `email` TEXT DEFAULT '' NOT NULL, `emailVisibility` BOOLEAN DEFAULT FALSE NOT NULL, `id` TEXT PRIMARY KEY DEFAULT ('r'||lower(hex(randomblob(7)))) NOT NULL, `lastLoginAlertSentAt` TEXT DEFAULT '' NOT NULL, `lastResetSentAt` TEXT DEFAULT '' NOT NULL, `lastVerificationSentAt` TEXT DEFAULT '' NOT NULL, `passwordHash` TEXT NOT NULL, `tokenKey` TEXT NOT NULL, `updated` TEXT DEFAULT (strftime('%Y-%m-%d %H:%M:%fZ')) NOT NULL, `username` TEXT NOT NULL, `verified` BOOLEAN DEFAULT FALSE NOT NULL, "program_keahlian" TEXT DEFAULT '' NOT NULL, "siswa_id" TEXT DEFAULT '' NOT NULL, "role" TEXT DEFAULT '' NOT NULL);
CREATE TABLE `tweet` (`created` TEXT DEFAULT (strftime('%Y-%m-%d %H:%M:%fZ')) NOT NULL, `id` TEXT PRIMARY KEY DEFAULT ('r'||lower(hex(randomblob(7)))) NOT NULL, `text` TEXT DEFAULT '' NOT NULL, `updated` TEXT DEFAULT (strftime('%Y-%m-%d %H:%M:%fZ')) NOT NULL, "foto" JSON DEFAULT '[]' NOT NULL);
INSERT INTO tweet VALUES('2024-10-10 09:46:03.714Z','7104qogum05e5xv','test from self host!!','2024-10-10 14:16:40.206Z','["pb_test_OCQwUqxD7P.png"]');
INSERT INTO tweet VALUES('2024-10-10 09:47:04.566Z','wm9c9gpb6y5miw1','more more easy!!!','2024-10-10 09:47:04.566Z','["gsmarena_006_JLSlbJPgUW.jpg"]');
INSERT INTO tweet VALUES('2024-10-10 13:59:30.013Z','iznllcmqvpuq51g','I just posted a multiple images','2024-10-10 13:59:30.013Z','["foto_CBvkfxtdQv.jpeg","img_3541_F2cYSSV4hV.jpeg"]');
INSERT INTO tweet VALUES('2024-10-11 09:45:07.470Z','yxh56s18ou1syiu','my icon image made by my friend since 2020','2024-10-11 09:45:07.470Z','["axg07_eai_400x400_R424TKJ6RQ.jpg"]');
INSERT INTO tweet VALUES('2024-10-11 09:46:31.389Z','ly83gtkz9r4pyc7','developer city!','2024-10-11 09:46:31.389Z','["city_dBABhBv8M0.png","city2_pR8VgRujnG.png"]');
INSERT INTO tweet VALUES('2024-10-11 10:29:43.024Z','hcsv69bdf6kohmu','keep hustling!','2024-10-11 10:29:43.024Z','["zul_codejam_AjqPzpnCbI.jpg"]');
INSERT INTO tweet VALUES('2024-10-11 10:33:21.917Z','kzc2v8a3llaa884','move fast break things!','2024-10-11 10:33:21.917Z','["pplg2_amNLT16yWg.jpg","zul_pplg_1_DoVr0i4fpQ.jpg"]');
INSERT INTO tweet VALUES('2024-10-11 10:35:46.448Z','boq0dcwbpc6sj0f','hello, world!','2024-10-11 10:35:46.448Z','["pplg2_W5YEB1tJsx.jpg","zul_pplg_1_YAxqNzsocM.jpg","learn_by_CrffK6olxt.jpeg"]');
CREATE TABLE `program_keahlian` (`alias` TEXT DEFAULT '' NOT NULL, `created` TEXT DEFAULT (strftime('%Y-%m-%d %H:%M:%fZ')) NOT NULL, `id` TEXT PRIMARY KEY DEFAULT ('r'||lower(hex(randomblob(7)))) NOT NULL, `nama` TEXT DEFAULT '' NOT NULL, `updated` TEXT DEFAULT (strftime('%Y-%m-%d %H:%M:%fZ')) NOT NULL);
INSERT INTO program_keahlian VALUES('Pengembangan Perangkat Lunak & Gim','2024-10-13 00:10:59.119Z','1oxybjgp1yzjsf2','PPLG','2024-10-13 00:10:59.119Z');
INSERT INTO program_keahlian VALUES('Teknik Jaringan Komputer & Telekomunikasi','2024-10-13 00:11:23.078Z','dn9c8m8i5ycdj6o','TJKT','2024-10-13 00:11:23.078Z');
INSERT INTO program_keahlian VALUES('Teknik Sepeda Motor','2024-10-13 00:11:35.135Z','gkxskc1e02ja0g1','TSM','2024-10-13 00:11:35.135Z');
INSERT INTO program_keahlian VALUES('Desain Komunikasi Visual','2024-10-13 00:11:45.503Z','4co5ufcfj8299x1','DKV','2024-10-13 00:11:45.503Z');
INSERT INTO program_keahlian VALUES('Teknik Otomasi Industri / Teknik Elektro','2024-10-13 00:12:15.450Z','dwj17n1t1apuovp','TOI','2024-10-13 00:12:15.450Z');
CREATE TABLE `teacher_users` (`created` TEXT DEFAULT (strftime('%Y-%m-%d %H:%M:%fZ')) NOT NULL, `email` TEXT DEFAULT '' NOT NULL, `emailVisibility` BOOLEAN DEFAULT FALSE NOT NULL, `id` TEXT PRIMARY KEY DEFAULT ('r'||lower(hex(randomblob(7)))) NOT NULL, `lastLoginAlertSentAt` TEXT DEFAULT '' NOT NULL, `lastResetSentAt` TEXT DEFAULT '' NOT NULL, `lastVerificationSentAt` TEXT DEFAULT '' NOT NULL, `nama` TEXT DEFAULT '' NOT NULL, `passwordHash` TEXT NOT NULL, `program_keahlian` TEXT DEFAULT '' NOT NULL, `role` TEXT DEFAULT '' NOT NULL, `tokenKey` TEXT NOT NULL, `updated` TEXT DEFAULT (strftime('%Y-%m-%d %H:%M:%fZ')) NOT NULL, `username` TEXT NOT NULL, `verified` BOOLEAN DEFAULT FALSE NOT NULL);
INSERT INTO teacher_users VALUES('2024-10-13 00:20:41.475Z','zulx@smkn4-tsm.sch.id',0,'lio3ot5ey7omyn2','','','','Administrator','$2a$12$UirnJ6Y/Rdy8DfUsvp11gea.jxZxgS9xn5ZnCMyhICFXJhGfmLVt6','1oxybjgp1yzjsf2','admin','DxHO8IpwyuVktBOO0KsrAlnrpLeV69Y4ptB9qgxP2O002BV3kS','2024-11-10 07:05:43.084Z','zulx',1);
INSERT INTO teacher_users VALUES('2024-10-13 00:21:36.048Z','taufik@smkn4-tsm.sch.id',0,'unoz19laa6w2yq6','','','','Taufik Hidayat','$2a$12$SXcSIzmDt5AL1/pjT/FFnujWHqqNMMgvmbK03P5OpFib.Sp0BdaM2','1oxybjgp1yzjsf2','guru','ckdSsvQ8iUGi3xf30ApjoFhZ9taHxSjpDTP1WuGkQl5ajov7Qy','2024-10-13 00:21:36.048Z','taufik',1);
INSERT INTO teacher_users VALUES('2024-10-13 00:23:09.743Z','ali@smkn4-tsm.sch.id',0,'74rkvgg0n779ha6','','','','Ali Saeful Milah','$2a$12$zJ/BVpQH7nQFcjK7n/rReOSCWIQOdRxguqGL7x.kGng8UkvVHsPXa','dn9c8m8i5ycdj6o','guru','6KVTxHkzaBIK3VMuyfwG9g4F3xIpVF1pJuZ5cRTfdz97SHgkxv','2025-08-01 12:07:28.704Z','ali',1);
INSERT INTO teacher_users VALUES('2024-10-13 00:25:18.083Z','dede@smkn4-tsm.sch.id',0,'w5hu0og171yepcg','','','','Dede','$2a$12$Wq0SjdB8RniZiswVhQ88YuyNbJmb0xcoJCJkDeWUW3AiPnqzeS5Qq','gkxskc1e02ja0g1','guru','8HDbOsjOgMhUDAzqLKXKGHXvBXW3cmU6DyhLucCydmRQvdUIxV','2024-10-13 00:25:18.083Z','dede',1);
INSERT INTO teacher_users VALUES('2024-10-13 00:26:23.890Z','anna@smkn4-tsm.sch.id',0,'8pu1gv1le5f0i3x','','','','Anna','$2a$12$fr/jIMSOJgaEh7f8PH3pcuAOaZMr4EPgP1PuAAbaFeYt5mNTubqdG','4co5ufcfj8299x1','guru','giGLNoxpns8Tuzt8VB7p7V2s9vOrYPc7EqqvxhXX8vMtsqXZmE','2024-10-13 00:26:23.890Z','anna',1);
INSERT INTO teacher_users VALUES('2024-10-13 00:27:06.853Z','ana@smkn4-tsm.sch.id',0,'9brbhdws1ks6gkx','','','','Ana Maulana M.I.','$2a$12$WT7lzsfeiumHGs7spLkvfeuZGuEPCKwhyhUnQ4Omk75oJZ639TP4q','dwj17n1t1apuovp','guru','1SYXEGRSZe55aIHVHFn3HuiKh1aRtwUtV6UHBiJ9VVg6CoGfuO','2024-10-13 00:27:06.853Z','ana',1);
INSERT INTO teacher_users VALUES('2024-10-13 00:28:00.282Z','nisa@smkn4-tsm.sch.id',0,'8273yiy3kr7oku5','','','','Nisa','$2a$12$jSSPxHhnJ4Ea2SebukN2puVYDkYP06ypDs6PT7.dayPEUwwTMDMfS','','tu','8Vzwhd4nKgURA73KZPZhJgxCsf2m98h2OGrj8k5idB3KJN1rWS','2024-10-13 00:28:00.282Z','nisa',1);
CREATE TABLE `siswa` (`catatan` TEXT DEFAULT '' NOT NULL, `created` TEXT DEFAULT (strftime('%Y-%m-%d %H:%M:%fZ')) NOT NULL, `id` TEXT PRIMARY KEY DEFAULT ('r'||lower(hex(randomblob(7)))) NOT NULL, `jk` TEXT DEFAULT '' NOT NULL, `kelas` TEXT DEFAULT '' NOT NULL, `nama` TEXT DEFAULT '' NOT NULL, `nis` TEXT DEFAULT '' NOT NULL, `program_keahlian` TEXT DEFAULT '' NOT NULL, `status_acc_pkl` BOOLEAN DEFAULT FALSE NOT NULL, `status_pemetaan_pkl` BOOLEAN DEFAULT FALSE NOT NULL, `status_rapot` BOOLEAN DEFAULT FALSE NOT NULL, `updated` TEXT DEFAULT (strftime('%Y-%m-%d %H:%M:%fZ')) NOT NULL);
INSERT INTO siswa VALUES('','2025-08-01 12:11:52.173Z','gqaiuujmlaci8a7','P','XII PPLG 5','Hani Nurlaili','2314999','1oxybjgp1yzjsf2',0,0,1,'2025-08-01 12:11:52.173Z');
CREATE TABLE `pembimbing` (`created` TEXT DEFAULT (strftime('%Y-%m-%d %H:%M:%fZ')) NOT NULL, `id` TEXT PRIMARY KEY DEFAULT ('r'||lower(hex(randomblob(7)))) NOT NULL, `nama` TEXT DEFAULT '' NOT NULL, `nip` TEXT DEFAULT '' NOT NULL, `program_keahlian` TEXT DEFAULT '' NOT NULL, `updated` TEXT DEFAULT (strftime('%Y-%m-%d %H:%M:%fZ')) NOT NULL);
INSERT INTO pembimbing VALUES('2024-11-10 07:31:29.378Z','azzk32m47cd1nyp','Zul Hilmi','19921224 202321 1 006','1oxybjgp1yzjsf2','2024-11-10 07:31:29.378Z');
INSERT INTO pembimbing VALUES('2025-08-01 12:05:54.172Z','rlof26d32zv8kat','Ali Saeful Milah','123456789','dn9c8m8i5ycdj6o','2025-08-01 12:05:54.172Z');
CREATE TABLE `dudi` (`alamat` TEXT DEFAULT '' NOT NULL, `created` TEXT DEFAULT (strftime('%Y-%m-%d %H:%M:%fZ')) NOT NULL, `email` TEXT DEFAULT '' NOT NULL, `id` TEXT PRIMARY KEY DEFAULT ('r'||lower(hex(randomblob(7)))) NOT NULL, `jumlah_kuota` NUMERIC DEFAULT 0 NOT NULL, `kontak` TEXT DEFAULT '' NOT NULL, `nama` TEXT DEFAULT '' NOT NULL, `pembimbing` TEXT DEFAULT '' NOT NULL, `pimpinan` TEXT DEFAULT '' NOT NULL, `program_keahlian` TEXT DEFAULT '' NOT NULL, `updated` TEXT DEFAULT (strftime('%Y-%m-%d %H:%M:%fZ')) NOT NULL, "pembimbing_dudi" TEXT DEFAULT '' NOT NULL);
INSERT INTO dudi VALUES('Perum Bumi Asri','2024-11-10 07:31:34.021Z','astacode@gmail.com','jqfmjhd0mygvs15',3,'08123','CV.Astacode','azzk32m47cd1nyp','Galih','1oxybjgp1yzjsf2','2025-08-01 12:10:15.998Z','Pak Rafi');
INSERT INTO dudi VALUES('Kawasan Summarecon Bandung, Level Up Building, Jl. Sentra Raya Barat No.kav. 2B, Cisaranten Kidul, Kec. Gedebage, Kota Bandung, Jawa Barat 40295','2025-08-01 12:05:30.332Z','mukhlishiddin@agate.id','1g33yv8hx8gsvsl',3,'0','Agate','azzk32m47cd1nyp','Shieny Aprilia','1oxybjgp1yzjsf2','2025-08-01 12:10:10.495Z','Pak M');
INSERT INTO dudi VALUES('Jl. Terusan Mulyasari No.8, RT.01/RW.03, Sukagalih, Kec. Sukajadi, Kota Bandung, Jawa Barat 40163','2025-08-01 12:07:00.671Z','email@email.com','p6mvu4tduhxxo5e',3,'(022) 82009555','Skyline','rlof26d32zv8kat','Frans','dn9c8m8i5ycdj6o','2025-08-01 12:10:04.103Z','Pak Marsel');
CREATE TABLE `pemetaan_pkl` (`created` TEXT DEFAULT (strftime('%Y-%m-%d %H:%M:%fZ')) NOT NULL, `dudi` TEXT DEFAULT '' NOT NULL, `id` TEXT PRIMARY KEY DEFAULT ('r'||lower(hex(randomblob(7)))) NOT NULL, `program_keahlian` TEXT DEFAULT '' NOT NULL, `siswa` JSON DEFAULT '[]' NOT NULL, `updated` TEXT DEFAULT (strftime('%Y-%m-%d %H:%M:%fZ')) NOT NULL);
CREATE UNIQUE INDEX _externalAuths_record_provider_idx on `_externalAuths` (`collectionId`, `recordId`, `provider`);
CREATE UNIQUE INDEX _externalAuths_collection_provider_idx on `_externalAuths` (`collectionId`, `provider`, `providerId`);
CREATE UNIQUE INDEX __pb_users_auth__username_idx ON "users_siswa" (`username`);
CREATE UNIQUE INDEX __pb_users_auth__email_idx ON "users_siswa" (`email`) WHERE `email` != '';
CREATE UNIQUE INDEX __pb_users_auth__tokenKey_idx ON "users_siswa" (`tokenKey`);
CREATE UNIQUE INDEX _1d4fljtg4b3ycm6_username_idx ON `teacher_users` (`username`);
CREATE UNIQUE INDEX _1d4fljtg4b3ycm6_email_idx ON `teacher_users` (`email`) WHERE `email` != '';
CREATE UNIQUE INDEX _1d4fljtg4b3ycm6_tokenKey_idx ON `teacher_users` (`tokenKey`);
COMMIT;
